{"cameraMode":{"drawMode":0,"name":"Shaded","section":"Shading Mode"},"sceneLighting":false,"audioPlay":false,"sceneViewState":{"m_AlwaysRefresh":false,"showFog":true,"showSkybox":false,"showFlares":true,"showImageEffects":true,"showParticleSystems":true,"showVisualEffectGraphs":true,"m_FxEnabled":true},"in2DMode":false,"pivot":{"x":0.03764224052429199,"y":0.0015760809183120728,"z":0.02795398235321045},"rotation":{"x":0.08642184734344483,"y":-0.10471611469984055,"z":0.009123519994318486,"w":0.9907278418540955},"size":0.9343515038490295,"orthographic":false}