{"cameraMode":{"drawMode":0,"name":"Shaded","section":"Shading Mode"},"sceneLighting":false,"audioPlay":false,"sceneViewState":{"m_AlwaysRefresh":false,"showFog":true,"showSkybox":false,"showFlares":true,"showImageEffects":true,"showParticleSystems":true,"showVisualEffectGraphs":true,"m_FxEnabled":true},"in2DMode":false,"pivot":{"x":-0.000048160552978515625,"y":0.6487137079238892,"z":0.000014066696166992188},"rotation":{"x":0.08642184734344483,"y":-0.10471611469984055,"z":0.009123519994318486,"w":0.9907278418540955},"size":2.897672176361084,"orthographic":false}