{"cameraMode":{"drawMode":0,"name":"Shaded","section":"Shading Mode"},"sceneLighting":false,"audioPlay":false,"sceneViewState":{"m_AlwaysRefresh":false,"showFog":true,"showSkybox":false,"showFlares":true,"showImageEffects":true,"showParticleSystems":true,"showVisualEffectGraphs":true,"m_FxEnabled":true},"in2DMode":false,"pivot":{"x":-0.0005263686180114746,"y":0.27608537673950198,"z":-0.000646635890007019},"rotation":{"x":0.08642184734344483,"y":-0.10471611469984055,"z":0.009123519994318486,"w":0.9907278418540955},"size":4.616598606109619,"orthographic":false}