{"cameraMode":{"drawMode":0,"name":"Shaded","section":"Shading Mode"},"sceneLighting":false,"audioPlay":false,"sceneViewState":{"m_AlwaysRefresh":false,"showFog":true,"showSkybox":false,"showFlares":true,"showImageEffects":true,"showParticleSystems":true,"showVisualEffectGraphs":true,"m_FxEnabled":true},"in2DMode":false,"pivot":{"x":-0.7398490905761719,"y":0.502661943435669,"z":-0.6013989448547363},"rotation":{"x":0.08642184734344483,"y":-0.10471611469984055,"z":0.009123519994318486,"w":0.9907278418540955},"size":5.815087795257568,"orthographic":false}