{"cameraMode":{"drawMode":0,"name":"Shaded","section":"Shading Mode"},"sceneLighting":false,"audioPlay":false,"sceneViewState":{"m_AlwaysRefresh":false,"showFog":true,"showSkybox":false,"showFlares":true,"showImageEffects":true,"showParticleSystems":true,"showVisualEffectGraphs":true,"m_FxEnabled":true},"in2DMode":false,"pivot":{"x":-0.06369918584823609,"y":-0.38392114639282229,"z":-2.682209014892578e-7},"rotation":{"x":0.08642184734344483,"y":-0.10471611469984055,"z":0.009123519994318486,"w":0.9907278418540955},"size":3.3731563091278078,"orthographic":false}